id,statut,adresse,titre,date_vente,jours_apres_audience,occupation,prix_adjuge_eur,date_limite_surenchere,plafond_marteau_eur,marge_au_minimum_pct,motifs_rejet,a_verifier,url_annonce
8f94952264bd77534c34ca2a47daeaf344ed582638fd40f9c6fbc89418f02ef3,a_verifier,,"27 Léry Une propriété comprenant : - Une maison sur : Sous-sol : accès depuis la cuisine, chaufferie, wc, dégagement, salle [...] Adjudication inconnue",2026-10-05,4,inconnue,,,,,,"preuve d'un bien libre; état et diagnostics compatibles avec une revente sans travaux; prix adjugé (la mise à prix ne le remplace pas); date limite et recevabilité de la surenchère; fiche détaillée non relue lors de ce passage; valeur prudente, frais d'acquisition, revente et portage documentés pour le seuil de 40 %",https://www.licitor.com/annonce/10/97/43/vente-aux-encheres/une-propriete/lery/eure/109743.html
9320a474bb9ebd11055f3432cac45cc09f496955d485207926dfd160b4b117a5,a_verifier,,"53 Château-Gontier-sur-Mayenne Une maison d'habitation de 125,39 m², comprenant : Au rez-de-chaussée : entrée, salon, chambre, cuisine, salle de [...] Adjudication inconnue",2026-10-05,4,inconnue,,,,,,"preuve d'un bien libre; état et diagnostics compatibles avec une revente sans travaux; prix adjugé (la mise à prix ne le remplace pas); date limite et recevabilité de la surenchère; fiche détaillée non relue lors de ce passage; valeur prudente, frais d'acquisition, revente et portage documentés pour le seuil de 40 %",https://www.licitor.com/annonce/10/98/28/vente-aux-encheres/une-maison-d-habitation/chateau-gontier-sur-mayenne/mayenne/109828.html
f498979f57e1d14d272588fcaef4ca6c99d44232864a16be8513eab3263ead86,a_verifier,,Un ensemble immobilier,2026-10-05,4,inconnue,,,,,,"preuve d'un bien libre; état et diagnostics compatibles avec une revente sans travaux; prix adjugé (la mise à prix ne le remplace pas); date limite et recevabilité de la surenchère; valeur prudente, frais d'acquisition, revente et portage documentés pour le seuil de 40 %",https://www.licitor.com/annonce/10/97/08/vente-aux-encheres/un-ensemble-immobilier/colonne/jura/109708.html
67ab68be302abe1ac5595cb801b2260b2112ecc07557d74857d94482be8efa5c,a_verifier,,Une maison,2026-10-05,4,inconnue,,,,,,"preuve d'un bien libre; état et diagnostics compatibles avec une revente sans travaux; prix adjugé (la mise à prix ne le remplace pas); date limite et recevabilité de la surenchère; valeur prudente, frais d'acquisition, revente et portage documentés pour le seuil de 40 %",https://www.licitor.com/annonce/10/97/11/vente-aux-encheres/une-maison/razes/haute-vienne/109711.html
c91d0c74d3e10a0eec33e34187cd25c82eb86a65c85b1b83393a9a6c3bc16cf0,a_verifier,,Une maison d'habitation,2026-10-05,4,inconnue,,,,,,"preuve d'un bien libre; état et diagnostics compatibles avec une revente sans travaux; prix adjugé (la mise à prix ne le remplace pas); date limite et recevabilité de la surenchère; valeur prudente, frais d'acquisition, revente et portage documentés pour le seuil de 40 %",https://www.licitor.com/annonce/10/96/99/vente-aux-encheres/une-maison-d-habitation/limoges/haute-vienne/109699.html
ac3f480582875b65fb45a8f874560b8a39407e82e32d8dfe2f40458a45c7f3d1,a_verifier,,"01 Argis Une maison d'habitation de 70,77 m², mitoyenne, en mauvais état, avec terrain attenant, comprenant : Au [...] Adjudication inconnue",2026-10-06,3,inconnue,,,,,,"preuve d'un bien libre; état et diagnostics compatibles avec une revente sans travaux; prix adjugé (la mise à prix ne le remplace pas); date limite et recevabilité de la surenchère; fiche détaillée non relue lors de ce passage; valeur prudente, frais d'acquisition, revente et portage documentés pour le seuil de 40 %",https://www.licitor.com/annonce/10/99/06/vente-aux-encheres/une-maison-d-habitation/argis/ain/109906.html
47d8c1ec5905930897b37f541af3b1ccb682aca89d43e76633dd6a3cfd0697bd,a_verifier,,"01 Bresse-Vallons Une maison individuelle de 100,73 m² loi Carrez, à usage d'habitation, avec terrain attenant, en cours de [...] Adjudication inconnue",2026-10-06,3,inconnue,,,,,,"preuve d'un bien libre; état et diagnostics compatibles avec une revente sans travaux; prix adjugé (la mise à prix ne le remplace pas); date limite et recevabilité de la surenchère; fiche détaillée non relue lors de ce passage; valeur prudente, frais d'acquisition, revente et portage documentés pour le seuil de 40 %",https://www.licitor.com/annonce/10/99/05/vente-aux-encheres/une-maison-individuelle/bresse-vallons/ain/109905.html
3f3290dd3e05b06d91b9f4839c29f355cae58ddeea4bbee1dfda33299473c601,a_verifier,,"01 Gex Un appartement de 57,86 m², au 2ème et dernier étage, entrée au 1er étage (accès par un escalier intérieur), [...] Adjudication inconnue",2026-10-06,3,inconnue,,,,,,"preuve d'un bien libre; état et diagnostics compatibles avec une revente sans travaux; prix adjugé (la mise à prix ne le remplace pas); date limite et recevabilité de la surenchère; fiche détaillée non relue lors de ce passage; valeur prudente, frais d'acquisition, revente et portage documentés pour le seuil de 40 %",https://www.licitor.com/annonce/10/99/07/vente-aux-encheres/un-appartement/gex/ain/109907.html
f9208eb8c1f04897045aeb9fa0cc8a14026d1a0e10ecc663beb08058e87a3731,a_verifier,1 avenue Victor Hugo à VILLIERS LE BEL,APPARTEMENT + CAVE à VILLIERS-LE-BEL,2026-10-06,3,libre,26700.00,2026-10-16,,,,"état et diagnostics compatibles avec une revente sans travaux; confirmation avocat du délai et de la recevabilité de la surenchère; valeur prudente, frais d'acquisition, revente et portage documentés pour le seuil de 40 %",https://avoventes.fr/enchere/appartement-cave-a-villiers-le-bel
64027ee4a47d5535dac207f6da9e503f49e75f56e8e44f91ee8f013163635203,a_verifier,"13 Rue de Kerlan, 22410 Tréveneuc, France",VENTE SUR LICITATION AUX ENCHERES PUBLIQUES,2026-10-06,3,inconnue,117250.00,2026-10-16,,,,"preuve d'un bien libre; état et diagnostics compatibles avec une revente sans travaux; confirmation avocat du délai et de la recevabilité de la surenchère; valeur prudente, frais d'acquisition, revente et portage documentés pour le seuil de 40 %",https://avoventes.fr/enchere/vente-sur-licitation-aux-encheres-publiques-4
68398c8da03dffc7bcce46eb740ad17bfd8db80a3fa00d54a666d13ca6d64a9d,a_verifier,"15 bis Rue Marcellin Berthelot, 22220 Tréguier, France",VENTE SUR ADJUDICATION DES ACTIFS IMMOBILIERS DEPENDANT D’UNE LIQUIDATION JUDICIAIRE,2026-10-06,3,inconnue,246000.00,2026-10-16,,,,"preuve d'un bien libre; état et diagnostics compatibles avec une revente sans travaux; confirmation avocat du délai et de la recevabilité de la surenchère; valeur prudente, frais d'acquisition, revente et portage documentés pour le seuil de 40 %",https://avoventes.fr/enchere/vente-sur-adjudication-des-actifs-immobiliers-dependant-dune-liquidation-judiciaire-1
91d3f07a370765bfe7cc424586a8bbfc5b0321e269bdcd8e863c9f9b129affcf,a_verifier,,"22 Plémet Une maison d'habitation de 162,62 m², comprenant : Au rez-de-chaussée : cuisine, salle à manger salon, [...] Adjudication inconnue",2026-10-06,3,inconnue,,,,,,"preuve d'un bien libre; état et diagnostics compatibles avec une revente sans travaux; prix adjugé (la mise à prix ne le remplace pas); date limite et recevabilité de la surenchère; fiche détaillée non relue lors de ce passage; valeur prudente, frais d'acquisition, revente et portage documentés pour le seuil de 40 %",https://www.licitor.com/annonce/10/98/19/vente-aux-encheres/une-maison-d-habitation/plemet/cotes-d-armor/109819.html
3fef3b4ca1b3fb40f99c8d0b3bc85f78bdca2a907f1e680bb8e7ec5d3736d904,a_verifier,,"22 Tréveneuc Une maison d'habitation et deux parcelles de terre, comprenant : véranda, entrée avec dégagement, séjour, [...] Adjudication inconnue",2026-10-06,3,inconnue,,,,,,"preuve d'un bien libre; état et diagnostics compatibles avec une revente sans travaux; prix adjugé (la mise à prix ne le remplace pas); date limite et recevabilité de la surenchère; fiche détaillée non relue lors de ce passage; valeur prudente, frais d'acquisition, revente et portage documentés pour le seuil de 40 %",https://www.licitor.com/annonce/10/99/52/vente-aux-encheres/une-maison-d-habitation/treveneuc/cotes-d-armor/109952.html
21e54f6bd4406ea3dcfac3c3521c37a39aa7e6c280f191c0663b0cd154beb5c7,a_verifier,,22 Tréveneuc Une parcelle de terre agricole Adjudication inconnue,2026-10-06,3,inconnue,,,,,,"preuve d'un bien libre; état et diagnostics compatibles avec une revente sans travaux; prix adjugé (la mise à prix ne le remplace pas); date limite et recevabilité de la surenchère; fiche détaillée non relue lors de ce passage; valeur prudente, frais d'acquisition, revente et portage documentés pour le seuil de 40 %",https://www.licitor.com/annonce/10/99/53/vente-aux-encheres/une-parcelle-de-terre-agricole/treveneuc/cotes-d-armor/109953.html
278f024e8f7a623b0a4870c9559bebca1d78c39a88cdd305a89791d8f20e7568,a_verifier,"23 Rue des Blés d'Or, 93600 Aulnay-sous-Bois, France","Une Maison, 5 logements et un jardin à AULNAY SOUS BOIS (93)",2026-10-06,3,inconnue,356000.00,2026-10-16,,,,"preuve d'un bien libre; état et diagnostics compatibles avec une revente sans travaux; confirmation avocat du délai et de la recevabilité de la surenchère; valeur prudente, frais d'acquisition, revente et portage documentés pour le seuil de 40 %",https://avoventes.fr/enchere/une-maison-5-logements-et-un-jardin-a-aulnay-sous-bois-93
4c009b1bfff532946041f673cb32d2cb4f9b5798e1df7c4a2b54a96d657cdabb,a_verifier,,"29 Brest Un studio de 16,02 m², au rez-de-chaussée, donnant sur la cour, comprenant : séjour-chambre, salle de bains avec wc Adjudication inconnue",2026-10-06,3,inconnue,,,,,,"preuve d'un bien libre; état et diagnostics compatibles avec une revente sans travaux; prix adjugé (la mise à prix ne le remplace pas); date limite et recevabilité de la surenchère; fiche détaillée non relue lors de ce passage; valeur prudente, frais d'acquisition, revente et portage documentés pour le seuil de 40 %",https://www.licitor.com/annonce/10/99/50/vente-aux-encheres/un-studio/brest/finistere/109950.html
ef4eeaf8547c99dcf285aed7b26726941f94aa5490dcb014c114665a81d03d72,a_verifier,,"29 Milizac-Guipronvel Une maison d'habitation à usage commercial comprenant : Au rez-de-chaussée : entrée, wc, bureau, espace accueil [...] Adjudication inconnue",2026-10-06,3,inconnue,,,,,,"preuve d'un bien libre; état et diagnostics compatibles avec une revente sans travaux; prix adjugé (la mise à prix ne le remplace pas); date limite et recevabilité de la surenchère; fiche détaillée non relue lors de ce passage; valeur prudente, frais d'acquisition, revente et portage documentés pour le seuil de 40 %",https://www.licitor.com/annonce/10/99/51/vente-aux-encheres/une-maison-d-habitation-a-usage-commercial/milizac-guipronvel/finistere/109951.html
fcfdbcf46e0404c1163175657f3eea775f123c97616a4e5690a063e870db3301,a_verifier,,"29 Morlaix Un appartement de 156,08 m², au 4ème étage, bâtiment A, comprenant : entrée, salon, séjour et bureau en enfilade, [...] Adjudication inconnue",2026-10-06,3,inconnue,,,,,,"preuve d'un bien libre; état et diagnostics compatibles avec une revente sans travaux; prix adjugé (la mise à prix ne le remplace pas); date limite et recevabilité de la surenchère; fiche détaillée non relue lors de ce passage; valeur prudente, frais d'acquisition, revente et portage documentés pour le seuil de 40 %",https://www.licitor.com/annonce/10/98/24/vente-aux-encheres/un-appartement/morlaix/finistere/109824.html
3d5be92f0ebd5574fd7c19f67dd9b61822687d373db1121cf90745e0955a37a2,a_verifier,,36 Argenton-sur-Creuse Une maison d'habitation Occupée Adjudication inconnue,2026-10-06,3,inconnue,,,,,,"preuve d'un bien libre; état et diagnostics compatibles avec une revente sans travaux; prix adjugé (la mise à prix ne le remplace pas); date limite et recevabilité de la surenchère; fiche détaillée non relue lors de ce passage; valeur prudente, frais d'acquisition, revente et portage documentés pour le seuil de 40 %",https://www.licitor.com/annonce/10/98/52/vente-aux-encheres/une-maison-d-habitation/argenton-sur-creuse/indre/109852.html
77a7e1f4910d9df962cccbd4b233999906aeb6b21cb8f73f127d59545c7f97b9,a_verifier,,"38 Porte-des-Bonnevaux Une maison à usage d'habitation de 189,46 m², de plain-pied, comprenant : salon, séjour, cuisine, dressing, salle de [...] Adjudication inconnue",2026-10-06,3,inconnue,,,,,,"preuve d'un bien libre; état et diagnostics compatibles avec une revente sans travaux; prix adjugé (la mise à prix ne le remplace pas); date limite et recevabilité de la surenchère; fiche détaillée non relue lors de ce passage; valeur prudente, frais d'acquisition, revente et portage documentés pour le seuil de 40 %",https://www.licitor.com/annonce/10/98/11/vente-aux-encheres/une-maison-a-usage-d-habitation/porte-des-bonnevaux/isere/109811.html
5827f45540112cc5824b1e19f656c925ddb635d97e80ef03d692bdaf95c5c235,a_verifier,,"38 Vienne Un appartement à usage d'habitation au 3ème étage, de type IV, comprenant : salon avec coin-cuisine, deux chambres, [...] Adjudication inconnue",2026-10-06,3,inconnue,,,,,,"preuve d'un bien libre; état et diagnostics compatibles avec une revente sans travaux; prix adjugé (la mise à prix ne le remplace pas); date limite et recevabilité de la surenchère; fiche détaillée non relue lors de ce passage; valeur prudente, frais d'acquisition, revente et portage documentés pour le seuil de 40 %",https://www.licitor.com/annonce/10/98/06/vente-aux-encheres/un-appartement-a-usage-d-habitation/vienne/isere/109806.html
04eed9884ccabe81b73020dedf8d898b73f8f41d03d682571737b5231c2fde43,a_verifier,410/440 Place Louise Michel 93160 NOISY LE GRAND,Huit locaux à usage de bureaux à NOISY-LE-GRAND,2026-10-06,3,inconnue,369436.16,2026-10-16,,,,"preuve d'un bien libre; état et diagnostics compatibles avec une revente sans travaux; confirmation avocat du délai et de la recevabilité de la surenchère; valeur prudente, frais d'acquisition, revente et portage documentés pour le seuil de 40 %",https://avoventes.fr/enchere/huit-locaux-a-usage-de-bureaux-a-noisy-le-grand
b658c058bb88a7812148b061eb0c35616b8db440931e73e954dbe5228c5c4514,a_verifier,,"49 Gennes-Val-De-Loire Une maison d'habitation comprenant : Au rez-de-chaussée : entrée, véranda, pièce de vie, cuisine, dégagement, deux [...] Adjudication inconnue",2026-10-06,3,inconnue,,,,,,"preuve d'un bien libre; état et diagnostics compatibles avec une revente sans travaux; prix adjugé (la mise à prix ne le remplace pas); date limite et recevabilité de la surenchère; fiche détaillée non relue lors de ce passage; valeur prudente, frais d'acquisition, revente et portage documentés pour le seuil de 40 %",https://www.licitor.com/annonce/10/98/30/vente-aux-encheres/une-maison-d-habitation/gennes-val-de-loire/maine-et-loire/109830.html
048d90dc7414faba42342e1aa9064f2f8bd6517fafa9c93a0b4dc73c9dd268db,a_verifier,,"51 Sézanne Une maison à usage d'habitation comprenant : Au rez-de-chaussée : séjour, cuisine, trois chambres, salle de bains, [...] Adjudication inconnue",2026-10-06,3,inconnue,,,,,,"preuve d'un bien libre; état et diagnostics compatibles avec une revente sans travaux; prix adjugé (la mise à prix ne le remplace pas); date limite et recevabilité de la surenchère; fiche détaillée non relue lors de ce passage; valeur prudente, frais d'acquisition, revente et portage documentés pour le seuil de 40 %",https://www.licitor.com/annonce/10/99/11/vente-aux-encheres/une-maison-a-usage-d-habitation/sezanne/marne/109911.html
061dba1c24996a6adecad1b466391c5e66e11fa83548905d5555b98f09d3b137,a_verifier,,"60 Larbroye Une maison d'habitation d'une surface habitable de 96,13 m², comprenant : Au rez-de-chaussée : séjour-salon avec [...] Adjudication inconnue",2026-10-06,3,inconnue,,,,,,"preuve d'un bien libre; état et diagnostics compatibles avec une revente sans travaux; prix adjugé (la mise à prix ne le remplace pas); date limite et recevabilité de la surenchère; fiche détaillée non relue lors de ce passage; valeur prudente, frais d'acquisition, revente et portage documentés pour le seuil de 40 %",https://www.licitor.com/annonce/10/97/42/vente-aux-encheres/une-maison-d-habitation/larbroye/oise/109742.html
f51acc466902d7a5aec366d8232e3e8f039c0f87d44fcd295c84994cda420e31,a_verifier,"77990 Le Mesnil-Amelot, France",DES PARCELLES à LE MESNIL AMELOT (77),2026-10-06,3,inconnue,85000.00,2026-10-16,,,,"preuve d'un bien libre; état et diagnostics compatibles avec une revente sans travaux; confirmation avocat du délai et de la recevabilité de la surenchère; valeur prudente, frais d'acquisition, revente et portage documentés pour le seuil de 40 %",https://avoventes.fr/enchere/des-parcelles-a-le-mesnil-amelot-77
f1b4ff667999613f9e18b3e348af503786af41330b9d79155c83f3814a352f4c,a_verifier,"9 Av. Jules Ferry, 93140 Bondy, France",UN PAVILLON à BONDY,2026-10-06,3,inconnue,205000.00,2026-10-16,,,,"preuve d'un bien libre; état et diagnostics compatibles avec une revente sans travaux; confirmation avocat du délai et de la recevabilité de la surenchère; valeur prudente, frais d'acquisition, revente et portage documentés pour le seuil de 40 %",https://avoventes.fr/enchere/un-pavillon-a-bondy
2a933b9426484a49c5fd4c1a056b88d1de84c2cc4919205ce9fb1eccae7c00ce,a_verifier,,Des parcelles,2026-10-06,3,inconnue,85000,,,,,"preuve d'un bien libre; état et diagnostics compatibles avec une revente sans travaux; date limite et recevabilité de la surenchère; valeur prudente, frais d'acquisition, revente et portage documentés pour le seuil de 40 %",https://www.licitor.com/annonce/10/96/54/vente-aux-encheres/des-parcelles/le-mesnil-amelot/seine-et-marne/109654.html
a50b77fbd9f3eabbaca85092c4a5489c45f2688eebab7e66e0ea67eb172d3426,a_verifier,"Mauretour, 22410 Tréveneuc, France",VENTE SUR LICITATION AUX ENCHERES PUBLIQUES,2026-10-06,3,inconnue,1400.00,2026-10-16,,,,"preuve d'un bien libre; état et diagnostics compatibles avec une revente sans travaux; confirmation avocat du délai et de la recevabilité de la surenchère; valeur prudente, frais d'acquisition, revente et portage documentés pour le seuil de 40 %",https://avoventes.fr/enchere/vente-sur-licitation-aux-encheres-publiques-5
9d7f483bc57845c3e7e31d097e8795d39586a2596a63dfaa362a6c2766825490,a_verifier,"Pont Crozon, 22580 Plouha, France",VENTE SUR LICITATION AUX ENCHERES PUBLIQUES,2026-10-06,3,inconnue,2800.00,2026-10-16,,,,"preuve d'un bien libre; état et diagnostics compatibles avec une revente sans travaux; confirmation avocat du délai et de la recevabilité de la surenchère; valeur prudente, frais d'acquisition, revente et portage documentés pour le seuil de 40 %",https://avoventes.fr/enchere/vente-sur-licitation-aux-encheres-publiques-6
7c0691f479e931ddd24f5a2eee8caa60900d8e0e7d977e08c700308efc10c26c,a_verifier,,Un appartement,2026-10-06,3,inconnue,19000,,,,,"preuve d'un bien libre; état et diagnostics compatibles avec une revente sans travaux; date limite et recevabilité de la surenchère; valeur prudente, frais d'acquisition, revente et portage documentés pour le seuil de 40 %",https://www.licitor.com/annonce/10/97/26/vente-aux-encheres/un-appartement/saint-denis/seine-saint-denis/109726.html
fdbbb0e4bf4dded87480a146ac4bebf432089844867dc04b6b2aafbc80f548fe,a_verifier,,Un appartement,2026-10-06,3,inconnue,102000,,,,,"preuve d'un bien libre; état et diagnostics compatibles avec une revente sans travaux; date limite et recevabilité de la surenchère; valeur prudente, frais d'acquisition, revente et portage documentés pour le seuil de 40 %",https://www.licitor.com/annonce/10/97/27/vente-aux-encheres/un-appartement/noisy-le-grand/seine-saint-denis/109727.html
ec9e4afb46156cc0a705514c887a777e072398c0c706590130d9916537da51c4,a_verifier,,Un appartement,2026-10-06,3,inconnue,121000,,,,,"preuve d'un bien libre; état et diagnostics compatibles avec une revente sans travaux; date limite et recevabilité de la surenchère; valeur prudente, frais d'acquisition, revente et portage documentés pour le seuil de 40 %",https://www.licitor.com/annonce/10/94/52/vente-aux-encheres/un-appartement/taverny/val-d-oise/109452.html
1f7e2aa80d63e04e9def43d5ae843be9d311a2357246e1221dde42e943a58127,a_verifier,,Un appartement,2026-10-06,3,libre,26700,,,,,"état et diagnostics compatibles avec une revente sans travaux; date limite et recevabilité de la surenchère; valeur prudente, frais d'acquisition, revente et portage documentés pour le seuil de 40 %",https://www.licitor.com/annonce/10/96/58/vente-aux-encheres/un-appartement/villiers-le-bel/val-d-oise/109658.html
751702026c7a7b53f166c3510e724571e376e9a70fdbeb9df1102c3509f2114c,a_verifier,,Un appartement,2026-10-06,3,inconnue,66000,,,,,"preuve d'un bien libre; état et diagnostics compatibles avec une revente sans travaux; date limite et recevabilité de la surenchère; valeur prudente, frais d'acquisition, revente et portage documentés pour le seuil de 40 %",https://www.licitor.com/annonce/10/97/30/vente-aux-encheres/un-appartement/argenteuil/val-d-oise/109730.html
89b5e22a6fa9aa0ab06d96540f7bca8acb763edc29ee2fdf079a8a535bae39da,a_verifier,,Un appartement,2026-10-06,3,inconnue,,,,,,"preuve d'un bien libre; état et diagnostics compatibles avec une revente sans travaux; prix adjugé (la mise à prix ne le remplace pas); date limite et recevabilité de la surenchère; valeur prudente, frais d'acquisition, revente et portage documentés pour le seuil de 40 %",https://www.licitor.com/annonce/10/96/51/vente-aux-encheres/un-appartement/saint-hippolyte/doubs/109651.html
d4d55107a256943e3d4e8f88f9cddc3ff7c3f36ef433397dc6bd8f50d358256e,a_verifier,,Un bâtiment à usage professionnel,2026-10-06,3,inconnue,,,,,,"preuve d'un bien libre; état et diagnostics compatibles avec une revente sans travaux; prix adjugé (la mise à prix ne le remplace pas); date limite et recevabilité de la surenchère; valeur prudente, frais d'acquisition, revente et portage documentés pour le seuil de 40 %",https://www.licitor.com/annonce/10/96/76/vente-aux-encheres/un-batiment-a-usage-professionnel/treguier/cotes-d-armor/109676.html
cc164e28b065d29438aaf20cc3f582027ca2b2d60c9bf8729cf06b39ccfda990,a_verifier,,Un immeuble,2026-10-06,3,inconnue,,,,,,"preuve d'un bien libre; état et diagnostics compatibles avec une revente sans travaux; prix adjugé (la mise à prix ne le remplace pas); date limite et recevabilité de la surenchère; valeur prudente, frais d'acquisition, revente et portage documentés pour le seuil de 40 %",https://www.licitor.com/annonce/10/96/88/vente-aux-encheres/un-immeuble/la-chatre/indre/109688.html
93d0942886f2befd56e169bcccac1fbcc3a79ed8e978ff919bfa83d224c60240,a_verifier,,Un pavillon,2026-10-06,3,libre,,,,,,"état et diagnostics compatibles avec une revente sans travaux; prix adjugé (la mise à prix ne le remplace pas); date limite et recevabilité de la surenchère; valeur prudente, frais d'acquisition, revente et portage documentés pour le seuil de 40 %",https://www.licitor.com/annonce/10/94/20/vente-aux-encheres/un-pavillon/esclavolles-lurey/marne/109420.html
f0f4acf16d4a2ae4bfaa2c4b1e25934b18fe2befc92b069c24d0d1525c83ac60,a_verifier,,Une maison d'habitation,2026-10-06,3,inconnue,,,,,,"preuve d'un bien libre; état et diagnostics compatibles avec une revente sans travaux; prix adjugé (la mise à prix ne le remplace pas); date limite et recevabilité de la surenchère; valeur prudente, frais d'acquisition, revente et portage documentés pour le seuil de 40 %",https://www.licitor.com/annonce/10/97/09/vente-aux-encheres/une-maison-d-habitation/rouillon/sarthe/109709.html
e68f9b10c82525aae0310b470e5292c873bd04a9ad1e77328907ace995fbd151,a_verifier,,Une maison d'habitation,2026-10-06,3,inconnue,,,,,,"preuve d'un bien libre; état et diagnostics compatibles avec une revente sans travaux; prix adjugé (la mise à prix ne le remplace pas); date limite et recevabilité de la surenchère; valeur prudente, frais d'acquisition, revente et portage documentés pour le seuil de 40 %",https://www.licitor.com/annonce/10/96/87/vente-aux-encheres/une-maison-d-habitation/argenton-sur-creuse/indre/109687.html
103d575e88c54dc4dd8ea99c76c23a6df77ce4f6041c85ba52f7f4916c713041,a_verifier,,Une maison principale,2026-10-06,3,inconnue,356000,,,,,"preuve d'un bien libre; état et diagnostics compatibles avec une revente sans travaux; date limite et recevabilité de la surenchère; valeur prudente, frais d'acquisition, revente et portage documentés pour le seuil de 40 %",https://www.licitor.com/annonce/10/96/52/vente-aux-encheres/une-maison-principale/aulnay-sous-bois/seine-saint-denis/109652.html
04a56ade8f5bfdcdaf118be64db5aeb14e85f9d2ecc345fdc5676168614b32e9,a_verifier,,Une maison à usage d'habitation,2026-10-06,3,inconnue,,,,,,"preuve d'un bien libre; état et diagnostics compatibles avec une revente sans travaux; prix adjugé (la mise à prix ne le remplace pas); date limite et recevabilité de la surenchère; valeur prudente, frais d'acquisition, revente et portage documentés pour le seuil de 40 %",https://www.licitor.com/annonce/10/97/07/vente-aux-encheres/une-maison-a-usage-d-habitation/le-mans/sarthe/109707.html
3ae0c7a96fd31b4aaf714690fbc513e6354f0457883db5fca303b3787dceb467,a_verifier,,Une propriété,2026-10-06,3,libre,,,,,,"état et diagnostics compatibles avec une revente sans travaux; prix adjugé (la mise à prix ne le remplace pas); date limite et recevabilité de la surenchère; valeur prudente, frais d'acquisition, revente et portage documentés pour le seuil de 40 %",https://www.licitor.com/annonce/10/97/33/vente-aux-encheres/une-propriete/thiescourt/oise/109733.html
2f3c3a507ba0408bcb96c7c24ed2eea7fa64800954802d8720ad5cb9e0809fa7,a_verifier,,"13 Marseille 14ème Un appartement de 56,35 m², au 3ème étage Cave, emplacement de parking Adjudication inconnue",2026-10-07,2,inconnue,,,,,,"preuve d'un bien libre; état et diagnostics compatibles avec une revente sans travaux; prix adjugé (la mise à prix ne le remplace pas); date limite et recevabilité de la surenchère; fiche détaillée non relue lors de ce passage; valeur prudente, frais d'acquisition, revente et portage documentés pour le seuil de 40 %",https://www.licitor.com/annonce/10/97/55/vente-aux-encheres/un-appartement/marseille-14eme/bouches-du-rhone/109755.html
e4f484347b50d9512a1d79ac4b77098b7ceba0705d0fa3ecaffd34cad0a54ef7,a_verifier,,"13 Marseille 3ème Un local de 38 m², au rez-de-chaussée, consistant en un magasin Adjudication inconnue",2026-10-07,2,inconnue,,,,,,"preuve d'un bien libre; état et diagnostics compatibles avec une revente sans travaux; prix adjugé (la mise à prix ne le remplace pas); date limite et recevabilité de la surenchère; fiche détaillée non relue lors de ce passage; valeur prudente, frais d'acquisition, revente et portage documentés pour le seuil de 40 %",https://www.licitor.com/annonce/10/97/56/vente-aux-encheres/un-local/marseille-3eme/bouches-du-rhone/109756.html
aa854bbb2f28e164e900ecfe3f7a72526c013ce6cbf058d7839dc8a32736c5d8,a_verifier,"23 Rte de Ruffey les Beaune, 21550 Ladoix-Serrigny, France",A vendre aux enchères maison à Ladoix-Serrigny,2026-10-07,2,inconnue,243000.00,2026-10-19,,,,"preuve d'un bien libre; état et diagnostics compatibles avec une revente sans travaux; confirmation avocat du délai et de la recevabilité de la surenchère; valeur prudente, frais d'acquisition, revente et portage documentés pour le seuil de 40 %",https://avoventes.fr/enchere/a-vendre-aux-encheres-maison-a-ladoix-serrigny
aa7e02ecf98616ffb4ab534f0074e7b312aab263a8b9bd99ad446b444a4616f1,a_verifier,"36 Rue de la Gare, 54890 Chambley-Bussières, France",MAISON à CHAMBLEY-BUSSIERES,2026-10-07,2,inconnue,120000.00,2026-10-19,,,,"preuve d'un bien libre; état et diagnostics compatibles avec une revente sans travaux; confirmation avocat du délai et de la recevabilité de la surenchère; valeur prudente, frais d'acquisition, revente et portage documentés pour le seuil de 40 %",https://avoventes.fr/enchere/maison-a-chambley-bussieres
bc0e4206f812f882ce88d471182274051ff7d1e53ec0aa330fb4974af89fa03f,a_verifier,,"54 Villerupt Un appartement au 2ème et 3ème étage, en duplex Adjudication inconnue",2026-10-07,2,inconnue,,,,,,"preuve d'un bien libre; état et diagnostics compatibles avec une revente sans travaux; prix adjugé (la mise à prix ne le remplace pas); date limite et recevabilité de la surenchère; fiche détaillée non relue lors de ce passage; valeur prudente, frais d'acquisition, revente et portage documentés pour le seuil de 40 %",https://www.licitor.com/annonce/10/98/01/vente-aux-encheres/un-appartement/villerupt/meurthe-et-moselle/109801.html
d7c9e1bf4fc996283117562ddc2168566986d829278b5946e433e4b594acbc29,a_verifier,,"59 Faches-Thumesnil Une maison à usage d'habitation et de commerce de 159,16 m² (hors caves), sur quatre niveaux, délabrée, comprenant : [...] Adjudication inconnue",2026-10-07,2,inconnue,,,,,,"preuve d'un bien libre; état et diagnostics compatibles avec une revente sans travaux; prix adjugé (la mise à prix ne le remplace pas); date limite et recevabilité de la surenchère; fiche détaillée non relue lors de ce passage; valeur prudente, frais d'acquisition, revente et portage documentés pour le seuil de 40 %",https://www.licitor.com/annonce/10/99/25/vente-aux-encheres/une-maison-a-usage-d-habitation-et-de-commerce/faches-thumesnil/nord/109925.html
a24f1dc42b48d345229551f8506f6ff6e050bc35d331c043d3da3e6803170d98,a_verifier,,59 Wattignies Une maison à usage d'habitation Adjudication inconnue,2026-10-07,2,inconnue,,,,,,"preuve d'un bien libre; état et diagnostics compatibles avec une revente sans travaux; prix adjugé (la mise à prix ne le remplace pas); date limite et recevabilité de la surenchère; fiche détaillée non relue lors de ce passage; valeur prudente, frais d'acquisition, revente et portage documentés pour le seuil de 40 %",https://www.licitor.com/annonce/10/99/30/vente-aux-encheres/une-maison-a-usage-d-habitation/wattignies/nord/109930.html
f6c249c503bea05aa3090996fe45b2c192ed45f0c5207029c0617ded7ede4190,a_verifier,,Parcelles de terre,2026-10-07,2,inconnue,,,,,,"preuve d'un bien libre; état et diagnostics compatibles avec une revente sans travaux; prix adjugé (la mise à prix ne le remplace pas); date limite et recevabilité de la surenchère; valeur prudente, frais d'acquisition, revente et portage documentés pour le seuil de 40 %",https://www.licitor.com/annonce/10/94/95/vente-aux-encheres/parcelles-de-terre/longre/charente/109495.html
46312b84eec91d2ef0da5f166c1b246a67a0284c2a3ca66e545a4c73000964a5,a_verifier,,Un appartement,2026-10-07,2,inconnue,,,,,,"preuve d'un bien libre; état et diagnostics compatibles avec une revente sans travaux; prix adjugé (la mise à prix ne le remplace pas); date limite et recevabilité de la surenchère; valeur prudente, frais d'acquisition, revente et portage documentés pour le seuil de 40 %",https://www.licitor.com/annonce/10/97/04/vente-aux-encheres/un-appartement/chenove/cote-d-or/109704.html
3861fe9bcb4e2d7bcb9e8f9347bd497151aead5ec594741dd0288c0180fc1ab0,a_verifier,,Un appartement,2026-10-07,2,inconnue,,,,,,"preuve d'un bien libre; état et diagnostics compatibles avec une revente sans travaux; prix adjugé (la mise à prix ne le remplace pas); date limite et recevabilité de la surenchère; valeur prudente, frais d'acquisition, revente et portage documentés pour le seuil de 40 %",https://www.licitor.com/annonce/10/96/74/vente-aux-encheres/un-appartement/pont-l-abbe/finistere/109674.html
d7d511a638aebf90f63e565ff4b07630368ec864a8f95c30398bc5f26fa93486,a_verifier,,Un appartement,2026-10-07,2,inconnue,,,,,,"preuve d'un bien libre; état et diagnostics compatibles avec une revente sans travaux; prix adjugé (la mise à prix ne le remplace pas); date limite et recevabilité de la surenchère; valeur prudente, frais d'acquisition, revente et portage documentés pour le seuil de 40 %",https://www.licitor.com/annonce/10/97/23/vente-aux-encheres/un-appartement/marseille-9eme/bouches-du-rhone/109723.html
bc3fa69acae6fee140b3222002725e450934997292f56d53d9025ed2e6c5f3c8,a_verifier,,Un immeuble,2026-10-07,2,libre,,,,,,"état et diagnostics compatibles avec une revente sans travaux; prix adjugé (la mise à prix ne le remplace pas); date limite et recevabilité de la surenchère; valeur prudente, frais d'acquisition, revente et portage documentés pour le seuil de 40 %",https://www.licitor.com/annonce/10/97/18/vente-aux-encheres/un-immeuble/la-madeleine/nord/109718.html
7d851ce89d12a85a9849e16ae0fe3b6db153186dda05aefd98facdea090d15d0,a_verifier,,Un studio,2026-10-07,2,inconnue,,,,,,"preuve d'un bien libre; état et diagnostics compatibles avec une revente sans travaux; prix adjugé (la mise à prix ne le remplace pas); date limite et recevabilité de la surenchère; valeur prudente, frais d'acquisition, revente et portage documentés pour le seuil de 40 %",https://www.licitor.com/annonce/10/97/21/vente-aux-encheres/un-studio/marseille-14eme/bouches-du-rhone/109721.html
45357aef5bb35b495087a6ef7438bdee1ed527ac5982cc90aee8f5597540fa6a,a_verifier,,Un terrain agricole,2026-10-07,2,inconnue,,,,,,"preuve d'un bien libre; état et diagnostics compatibles avec une revente sans travaux; prix adjugé (la mise à prix ne le remplace pas); date limite et recevabilité de la surenchère; valeur prudente, frais d'acquisition, revente et portage documentés pour le seuil de 40 %",https://www.licitor.com/annonce/10/97/19/vente-aux-encheres/un-terrain-agricole/santes/nord/109719.html
f3df4fda0fb41933053462454a818c31f0822050aa68dda415827867c7a00aca,a_verifier,,Une maison,2026-10-07,2,inconnue,,,,,,"preuve d'un bien libre; état et diagnostics compatibles avec une revente sans travaux; prix adjugé (la mise à prix ne le remplace pas); date limite et recevabilité de la surenchère; valeur prudente, frais d'acquisition, revente et portage documentés pour le seuil de 40 %",https://www.licitor.com/annonce/10/96/72/vente-aux-encheres/une-maison/plomeur/finistere/109672.html
c8012d44fae94d5595855825fcaf53353c342146b87c8c3f194a686cfbc999e7,a_verifier,,Une maison,2026-10-07,2,inconnue,,,,,,"preuve d'un bien libre; état et diagnostics compatibles avec une revente sans travaux; prix adjugé (la mise à prix ne le remplace pas); date limite et recevabilité de la surenchère; valeur prudente, frais d'acquisition, revente et portage documentés pour le seuil de 40 %",https://www.licitor.com/annonce/10/96/75/vente-aux-encheres/une-maison/treffiagat/finistere/109675.html
09760b6bb91fa8abd8c7eaf35e580beaabcc1275e7740e5cbef61bbf00186a0a,a_verifier,,Une maison,2026-10-07,2,inconnue,,,,,,"preuve d'un bien libre; état et diagnostics compatibles avec une revente sans travaux; prix adjugé (la mise à prix ne le remplace pas); date limite et recevabilité de la surenchère; valeur prudente, frais d'acquisition, revente et portage documentés pour le seuil de 40 %",https://www.licitor.com/annonce/10/97/22/vente-aux-encheres/une-maison/marseille-9eme/bouches-du-rhone/109722.html
ff82bc515437fc0117513f8de442cae4d7aa6333f9cc5d4248da92b637ce8f56,a_verifier,,Une maison d'habitation,2026-10-07,2,inconnue,,,,,,"preuve d'un bien libre; état et diagnostics compatibles avec une revente sans travaux; prix adjugé (la mise à prix ne le remplace pas); date limite et recevabilité de la surenchère; valeur prudente, frais d'acquisition, revente et portage documentés pour le seuil de 40 %",https://www.licitor.com/annonce/10/96/37/vente-aux-encheres/une-maison-d-habitation/joudreville/meurthe-et-moselle/109637.html
e9eb804853f5bb95488f07482c89c1662397a1323c0b7975e17042df71c326c1,a_verifier,,Une maison d'habitation,2026-10-07,2,inconnue,,,,,,"preuve d'un bien libre; état et diagnostics compatibles avec une revente sans travaux; prix adjugé (la mise à prix ne le remplace pas); date limite et recevabilité de la surenchère; valeur prudente, frais d'acquisition, revente et portage documentés pour le seuil de 40 %",https://www.licitor.com/annonce/10/97/03/vente-aux-encheres/une-maison-d-habitation/ladoix-serrigny/cote-d-or/109703.html
8e49f24ffbc1183f8170620cadf9aae077ecb97c976107bff0f596b6c4c6623c,a_verifier,,Une maison d'habitation,2026-10-07,2,inconnue,,,,,,"preuve d'un bien libre; état et diagnostics compatibles avec une revente sans travaux; prix adjugé (la mise à prix ne le remplace pas); date limite et recevabilité de la surenchère; valeur prudente, frais d'acquisition, revente et portage documentés pour le seuil de 40 %",https://www.licitor.com/annonce/10/96/67/vente-aux-encheres/une-maison-d-habitation/vichy/allier/109667.html
2503dd868de92df64f3d0f0d055e9c2949264dfd3580f97ba2b4ae0fc070aa3f,a_verifier,,Une maison à usage d'habitation,2026-10-07,2,inconnue,,,,,,"preuve d'un bien libre; état et diagnostics compatibles avec une revente sans travaux; prix adjugé (la mise à prix ne le remplace pas); date limite et recevabilité de la surenchère; valeur prudente, frais d'acquisition, revente et portage documentés pour le seuil de 40 %",https://www.licitor.com/annonce/10/96/77/vente-aux-encheres/une-maison-a-usage-d-habitation/bursard/orne/109677.html
fb72ca55d3406c5099c9525e003ff6a50a72d5f11a0556bf6c4ecadccc57326a,a_verifier,,"06 Cannes Une cave au 2ème sous-sol, portant le n°17 Libre Adjudication inconnue",2026-10-08,1,inconnue,,,,,,"preuve d'un bien libre; état et diagnostics compatibles avec une revente sans travaux; prix adjugé (la mise à prix ne le remplace pas); date limite et recevabilité de la surenchère; fiche détaillée non relue lors de ce passage; valeur prudente, frais d'acquisition, revente et portage documentés pour le seuil de 40 %",https://www.licitor.com/annonce/10/97/65/vente-aux-encheres/une-cave/cannes/alpes-maritimes/109765.html
85debd1f3eb92f7e00b218f6e97b1cc7c189526781b411198fb261c16fe005f5,a_verifier,,"06 Nice Un appartement de 55,51 m², bâtiment 1, escalier Q, , de type deux pièces A5, comprenant : séjour, chambre, [...] Adjudication inconnue",2026-10-08,1,inconnue,,,,,,"preuve d'un bien libre; état et diagnostics compatibles avec une revente sans travaux; prix adjugé (la mise à prix ne le remplace pas); date limite et recevabilité de la surenchère; fiche détaillée non relue lors de ce passage; valeur prudente, frais d'acquisition, revente et portage documentés pour le seuil de 40 %",https://www.licitor.com/annonce/10/97/67/vente-aux-encheres/un-appartement/nice/alpes-maritimes/109767.html
f809fd1205d96179e299193a8225512c3032ecaf656cb62a3f95f1fb004c62ef,a_verifier,,"06 Nice Un appartement de 86,78 m², de type quatre pièces, avec terrasse, comprenant : trois chambres, séjour, salle de [...] Adjudication inconnue",2026-10-08,1,inconnue,,,,,,"preuve d'un bien libre; état et diagnostics compatibles avec une revente sans travaux; prix adjugé (la mise à prix ne le remplace pas); date limite et recevabilité de la surenchère; fiche détaillée non relue lors de ce passage; valeur prudente, frais d'acquisition, revente et portage documentés pour le seuil de 40 %",https://www.licitor.com/annonce/10/97/70/vente-aux-encheres/un-appartement/nice/alpes-maritimes/109770.html
546c2a27615c36d2ce76c5024187315907d8295492d2df7fc61d90258dce44fc,a_verifier,"34 Av. de Paris, 94800 Villejuif, France",APPARTEMENT DE TYPE 1 dans une résidence de tourisme à VILLEJUIF (lot 173),2026-10-08,1,inconnue,33000.00,2026-10-19,,,,"preuve d'un bien libre; état et diagnostics compatibles avec une revente sans travaux; confirmation avocat du délai et de la recevabilité de la surenchère; valeur prudente, frais d'acquisition, revente et portage documentés pour le seuil de 40 %",https://avoventes.fr/enchere/appartement-de-type-1-dans-une-residence-de-tourisme-a-villejuif-lot-173
b1e257032aed8fafff6a16017ddb4f8a0f9c91497943e7f97a544db2dc434150,a_verifier,"5 Rue d'Isaby, 65420 Ibos, France",Chambre dans une résidence de tourisme à IBOS (lot 1),2026-10-08,1,inconnue,,2026-10-19,,,,"preuve d'un bien libre; état et diagnostics compatibles avec une revente sans travaux; prix adjugé (la mise à prix ne le remplace pas); confirmation avocat du délai et de la recevabilité de la surenchère; valeur prudente, frais d'acquisition, revente et portage documentés pour le seuil de 40 %",https://avoventes.fr/enchere/chambre-dans-une-residence-de-tourisme-a-ibos-lot-1
cef1e39bb834290a6140a731bed5e937806abc98b64c820fcf13abb2c2dc17d9,a_verifier,"5 Rue d'Isaby, 65420 Ibos, France",Chambre dans une résidence de tourisme à IBOS (lot 28),2026-10-08,1,inconnue,,2026-10-19,,,,"preuve d'un bien libre; état et diagnostics compatibles avec une revente sans travaux; prix adjugé (la mise à prix ne le remplace pas); confirmation avocat du délai et de la recevabilité de la surenchère; valeur prudente, frais d'acquisition, revente et portage documentés pour le seuil de 40 %",https://avoventes.fr/enchere/chambre-dans-une-residence-de-tourisme-a-ibos-lot-28
1a617d035c205bef8e26c443e1a4edb55ff09a2d62b3201bbacaf5c7f3d3e804,a_verifier,,"80 Flixecourt Un immeuble d'habitation comprenant : Au rez-de-chaussée : séjour, cuisine équipée, salle à manger, wc, buanderie, [...] Adjudication inconnue",2026-10-08,1,inconnue,,,,,,"preuve d'un bien libre; état et diagnostics compatibles avec une revente sans travaux; prix adjugé (la mise à prix ne le remplace pas); date limite et recevabilité de la surenchère; fiche détaillée non relue lors de ce passage; valeur prudente, frais d'acquisition, revente et portage documentés pour le seuil de 40 %",https://www.licitor.com/annonce/10/97/63/vente-aux-encheres/un-immeuble-d-habitation/flixecourt/somme/109763.html
d38799a6c3c4321e8bdc1b366d19e0c7802f9a6e2c04e41a783e64a27206099f,a_verifier,,"80 Oresmaux Une maison individuelle à usage d'habitation, avec un local commercial, comprenant : Partie habitation : entrée, [...] Adjudication inconnue",2026-10-08,1,inconnue,,,,,,"preuve d'un bien libre; état et diagnostics compatibles avec une revente sans travaux; prix adjugé (la mise à prix ne le remplace pas); date limite et recevabilité de la surenchère; fiche détaillée non relue lors de ce passage; valeur prudente, frais d'acquisition, revente et portage documentés pour le seuil de 40 %",https://www.licitor.com/annonce/10/97/62/vente-aux-encheres/une-maison-individuelle/oresmaux/somme/109762.html
6cd305889a8848452a9a01a74c876f60ef7346f5ddc6081244eb3e0d02e5ea3b,a_verifier,,"92 Colombes Un logement de 40,87 m² (hors jardin), bâtiment E, au rez-de-chaussée, comprenant : cuisine en entrant, séjour, [...] Adjudication inconnue",2026-10-08,1,inconnue,,,,,,"preuve d'un bien libre; état et diagnostics compatibles avec une revente sans travaux; prix adjugé (la mise à prix ne le remplace pas); date limite et recevabilité de la surenchère; fiche détaillée non relue lors de ce passage; valeur prudente, frais d'acquisition, revente et portage documentés pour le seuil de 40 %",https://www.licitor.com/annonce/10/97/39/vente-aux-encheres/un-logement/colombes/hauts-de-seine/109739.html
3ac552be5f75e692f35522b47d4ed9a2307dec941cab668496738bacac33cb4a,a_verifier,,"92 Meudon Une chambre de service de 11,72 m², annexe D, arrière de la loge du gardien, 1er étage, 1ère porte droite n°23, [...] Adjudication inconnue",2026-10-08,1,inconnue,,,,,,"preuve d'un bien libre; état et diagnostics compatibles avec une revente sans travaux; prix adjugé (la mise à prix ne le remplace pas); date limite et recevabilité de la surenchère; fiche détaillée non relue lors de ce passage; valeur prudente, frais d'acquisition, revente et portage documentés pour le seuil de 40 %",https://www.licitor.com/annonce/10/97/36/vente-aux-encheres/une-chambre-de-service/meudon/hauts-de-seine/109736.html
7418c72df6ca4adb31aea18f17f03c83de574bbb98aa1a7792177897aa4f2229,a_verifier,,"94 Saint-Maur-des-Fossés Un local commercial de 122,01 m², au rez-de-chaussée, comprenant : garage automobile, cuisine, local sanitaire Loué [...] 08-10-2026 : 363 000 €",2026-10-08,1,inconnue,363000,,,,,"preuve d'un bien libre; état et diagnostics compatibles avec une revente sans travaux; date limite et recevabilité de la surenchère; fiche détaillée non relue lors de ce passage; valeur prudente, frais d'acquisition, revente et portage documentés pour le seuil de 40 %",https://www.licitor.com/annonce/10/97/47/vente-aux-encheres/un-local-commercial/saint-maur-des-fosses/val-de-marne/109747.html
09d0a562857549c3bcc06bc01d81df517efbc1956e6a93b86ed4b476eb7478de,a_verifier,,Deux locaux,2026-10-08,1,inconnue,,,,,,"preuve d'un bien libre; état et diagnostics compatibles avec une revente sans travaux; prix adjugé (la mise à prix ne le remplace pas); date limite et recevabilité de la surenchère; valeur prudente, frais d'acquisition, revente et portage documentés pour le seuil de 40 %",https://www.licitor.com/annonce/10/98/04/vente-aux-encheres/deux-locaux/filliere-saint-martin-bellevue/haute-savoie/109804.html
c8ab91434652f46fc58a72d3ec977e8b64d1f5a91944a18f25d4fb9ff6ad853e,a_verifier,,Diverses parcelles,2026-10-08,1,libre,,,,,,"état et diagnostics compatibles avec une revente sans travaux; prix adjugé (la mise à prix ne le remplace pas); date limite et recevabilité de la surenchère; valeur prudente, frais d'acquisition, revente et portage documentés pour le seuil de 40 %",https://www.licitor.com/annonce/10/99/16/vente-aux-encheres/diverses-parcelles/les-contamines-montjoie/haute-savoie/109916.html
0bd09107a966a71a9828dd5d38c7ec9df25ecb0018afadead923ae4ecc16a386,a_verifier,,"LABENNE (40) Maison avec terrasse, piscine et garage Vente le 08/10/2026 Mise à prix : 550.000€ SELAS LEGILAND",2026-10-08,1,inconnue,,,,,,"preuve d'un bien libre; état et diagnostics compatibles avec une revente sans travaux; prix adjugé (la mise à prix ne le remplace pas); date limite et recevabilité de la surenchère; valeur prudente, frais d'acquisition, revente et portage documentés pour le seuil de 40 %",https://www.info-encheres.com/108306-d-vente-encheres-immobilieres-maison-avec-terrasse-piscine-et-garage-labenne-40-ref-6064.html
5c51ce04e8efea55af3ac8b72466ed40dc8de11701c35b1eb1ea0c55faabee61,a_verifier,,LANNEMEZAN (65) Local commercial Vente le 08/10/2026 Mise à prix : 40.000€ SCP BERNAL CHEVALLIER FILLASTRE LABAT LEPLAT,2026-10-08,1,inconnue,,,,,,"preuve d'un bien libre; état et diagnostics compatibles avec une revente sans travaux; prix adjugé (la mise à prix ne le remplace pas); date limite et recevabilité de la surenchère; valeur prudente, frais d'acquisition, revente et portage documentés pour le seuil de 40 %",https://www.info-encheres.com/108304-d-vente-encheres-immobilieres-local-commercial-lannemezan-65-ref-6062.html
3b210f835b8de7c0a1b7b5968c7ba29dcd05f05f4c7c29cef5aa1db7ba640f92,a_verifier,,LANNEMEZAN (65) Terrains Vente le 08/10/2026 Mise à prix : 15.000€ SCP BERNAL CHEVALLIER FILLASTRE LABAT LEPLAT,2026-10-08,1,libre,,,,,,"état et diagnostics compatibles avec une revente sans travaux; prix adjugé (la mise à prix ne le remplace pas); date limite et recevabilité de la surenchère; valeur prudente, frais d'acquisition, revente et portage documentés pour le seuil de 40 %",https://www.info-encheres.com/108305-d-vente-encheres-immobilieres-terrains-lannemezan-65-ref-6063.html
6b74628537b88b080ffdb4f0e104c4dcf5692a910da37e294ea19ac8f106b547,a_verifier,,Lot 1,2026-10-08,1,inconnue,,,,,,"preuve d'un bien libre; état et diagnostics compatibles avec une revente sans travaux; prix adjugé (la mise à prix ne le remplace pas); date limite et recevabilité de la surenchère; valeur prudente, frais d'acquisition, revente et portage documentés pour le seuil de 40 %",https://www.licitor.com/annonce/10/98/71/vente-aux-encheres/une-piece-unique/saint-fons/rhone/109871.html
9deab6ac581176f03e19730654163780960e8dceac5746cd0e897e29e363addf,a_verifier,"Rte du Gollet, 74120 Megève, France",Un appartement à MEGEVE,2026-10-08,1,inconnue,,2026-10-19,,,,"preuve d'un bien libre; état et diagnostics compatibles avec une revente sans travaux; prix adjugé (la mise à prix ne le remplace pas); confirmation avocat du délai et de la recevabilité de la surenchère; valeur prudente, frais d'acquisition, revente et portage documentés pour le seuil de 40 %",https://avoventes.fr/enchere/un-appartement-a-megeve
9e162ab914a5186acf90a7e441b92aabedb7fc690d656dfc523a049c78072633,a_verifier,,Un appartement,2026-10-08,1,inconnue,919000,,,,,"preuve d'un bien libre; état et diagnostics compatibles avec une revente sans travaux; date limite et recevabilité de la surenchère; valeur prudente, frais d'acquisition, revente et portage documentés pour le seuil de 40 %",https://www.licitor.com/annonce/10/96/95/vente-aux-encheres/un-appartement/vincennes/val-de-marne/109695.html
8a39acbf516cbac6dfdb9d27d4e9ce199fc4690ed1b865258388b7c5f3d9b726,a_verifier,,Un appartement,2026-10-08,1,inconnue,98000,,,,,"preuve d'un bien libre; état et diagnostics compatibles avec une revente sans travaux; date limite et recevabilité de la surenchère; valeur prudente, frais d'acquisition, revente et portage documentés pour le seuil de 40 %",https://www.licitor.com/annonce/10/97/32/vente-aux-encheres/un-appartement/villeneuve-saint-georges/val-de-marne/109732.html
f9f4c641a0c3937f797fa35bdc8d5170b4da9639485737c7ec2a7f53edc38875,a_verifier,,Un appartement,2026-10-08,1,inconnue,64000,,,,,"preuve d'un bien libre; état et diagnostics compatibles avec une revente sans travaux; date limite et recevabilité de la surenchère; valeur prudente, frais d'acquisition, revente et portage documentés pour le seuil de 40 %",https://www.licitor.com/annonce/10/98/94/vente-aux-encheres/un-appartement/fontenay-sous-bois/val-de-marne/109894.html
505cfe0e60ac6c156db7fe50840814bba7d5f59e895503a9fcda3a85a2ef0f74,a_verifier,,Un appartement,2026-10-08,1,inconnue,,,,,,"preuve d'un bien libre; état et diagnostics compatibles avec une revente sans travaux; prix adjugé (la mise à prix ne le remplace pas); date limite et recevabilité de la surenchère; valeur prudente, frais d'acquisition, revente et portage documentés pour le seuil de 40 %",https://www.licitor.com/annonce/11/00/09/vente-aux-encheres/un-appartement/chartres/eure-et-loir/110009.html
a98a2f04b581e0cd95ee28bd3469e74d81b2b6e0b37a46d46cabb1d007b47ef3,a_verifier,,Un appartement,2026-10-08,1,inconnue,,,,,,"preuve d'un bien libre; état et diagnostics compatibles avec une revente sans travaux; prix adjugé (la mise à prix ne le remplace pas); date limite et recevabilité de la surenchère; valeur prudente, frais d'acquisition, revente et portage documentés pour le seuil de 40 %",https://www.licitor.com/annonce/10/98/10/vente-aux-encheres/un-appartement/toulouse/haute-garonne/109810.html
b604e7da77788c9fc7b1ba6fa26f27d7056e2ed2b550eb3959c3c6a04ea20871,a_verifier,,Un appartement,2026-10-08,1,inconnue,,,,,,"preuve d'un bien libre; état et diagnostics compatibles avec une revente sans travaux; prix adjugé (la mise à prix ne le remplace pas); date limite et recevabilité de la surenchère; valeur prudente, frais d'acquisition, revente et portage documentés pour le seuil de 40 %",https://www.licitor.com/annonce/10/98/22/vente-aux-encheres/un-appartement/vaulx-en-velin/rhone/109822.html
986704e5bdb1f876c02cd74928cbf1eb70409bc65f923aaf2d28ff342c5875ed,a_verifier,,Un appartement,2026-10-08,1,inconnue,,,,,,"preuve d'un bien libre; état et diagnostics compatibles avec une revente sans travaux; prix adjugé (la mise à prix ne le remplace pas); date limite et recevabilité de la surenchère; valeur prudente, frais d'acquisition, revente et portage documentés pour le seuil de 40 %",https://www.licitor.com/annonce/10/99/04/vente-aux-encheres/un-appartement/megeve/haute-savoie/109904.html
671ef0b008a614ab2cb621c087150a410ae5d1ba3264703ab2a0c51eb5d6dc7a,a_verifier,,Un appartement,2026-10-08,1,inconnue,,,,,,"preuve d'un bien libre; état et diagnostics compatibles avec une revente sans travaux; prix adjugé (la mise à prix ne le remplace pas); date limite et recevabilité de la surenchère; valeur prudente, frais d'acquisition, revente et portage documentés pour le seuil de 40 %",https://www.licitor.com/annonce/10/99/17/vente-aux-encheres/un-appartement/bonneville/haute-savoie/109917.html
f0cbee31fbaed0aa1d45d43784afc664a4af34aea7e3d25c25dbd25269aa7770,a_verifier,,Un appartement,2026-10-08,1,inconnue,,,,,,"preuve d'un bien libre; état et diagnostics compatibles avec une revente sans travaux; prix adjugé (la mise à prix ne le remplace pas); date limite et recevabilité de la surenchère; valeur prudente, frais d'acquisition, revente et portage documentés pour le seuil de 40 %",https://www.licitor.com/annonce/10/98/68/vente-aux-encheres/un-appartement/villefranche-sur-saone/rhone/109868.html
faa89bdbf6a772bb601a7ceabb50c1540446709417865ffb33fded157a9ac589,a_verifier,,Un appartement,2026-10-08,1,inconnue,,,,,,"preuve d'un bien libre; état et diagnostics compatibles avec une revente sans travaux; prix adjugé (la mise à prix ne le remplace pas); date limite et recevabilité de la surenchère; valeur prudente, frais d'acquisition, revente et portage documentés pour le seuil de 40 %",https://www.licitor.com/annonce/10/97/72/vente-aux-encheres/un-appartement/antibes/alpes-maritimes/109772.html
a46b1b2ad69694e5c884a74ad108b67dd5ef6f8fb3fd798a441a0cfb61ad3a92,a_verifier,,Un appartement,2026-10-08,1,inconnue,,,,,,"preuve d'un bien libre; état et diagnostics compatibles avec une revente sans travaux; prix adjugé (la mise à prix ne le remplace pas); date limite et recevabilité de la surenchère; valeur prudente, frais d'acquisition, revente et portage documentés pour le seuil de 40 %",https://www.licitor.com/annonce/10/98/72/vente-aux-encheres/un-appartement/antibes/alpes-maritimes/109872.html
5370260d500babdba7b2e450f3fee6bc2868751114c0611c52c90d42133e6e1f,a_verifier,,Un appartement,2026-10-08,1,inconnue,,,,,,"preuve d'un bien libre; état et diagnostics compatibles avec une revente sans travaux; prix adjugé (la mise à prix ne le remplace pas); date limite et recevabilité de la surenchère; valeur prudente, frais d'acquisition, revente et portage documentés pour le seuil de 40 %",https://www.licitor.com/annonce/10/98/73/vente-aux-encheres/un-appartement/mandelieu-la-napoule/alpes-maritimes/109873.html
fead0cd8a6d7020dd9381e7990e9ab81a3095f1f9918934539432a58c72b0383,a_verifier,,Un ensemble immobilier à usage d'habitation,2026-10-08,1,inconnue,,,,,,"preuve d'un bien libre; état et diagnostics compatibles avec une revente sans travaux; prix adjugé (la mise à prix ne le remplace pas); date limite et recevabilité de la surenchère; valeur prudente, frais d'acquisition, revente et portage documentés pour le seuil de 40 %",https://www.licitor.com/annonce/10/97/13/vente-aux-encheres/un-ensemble-immobilier-a-usage-d-habitation/saint-dezery/gard/109713.html
0a4b918e8db084ac9f4d1cd2ca05ce38c11740a37b924b45ecec733d64ed53ca,a_verifier,,Un immeuble à usage mixte d'habitation et commercial,2026-10-08,1,inconnue,,,,,,"preuve d'un bien libre; état et diagnostics compatibles avec une revente sans travaux; prix adjugé (la mise à prix ne le remplace pas); date limite et recevabilité de la surenchère; valeur prudente, frais d'acquisition, revente et portage documentés pour le seuil de 40 %",https://www.licitor.com/annonce/10/99/23/vente-aux-encheres/un-immeuble-a-usage-mixte-d-habitation-et-commercial/saint-omer/pas-de-calais/109923.html
be11e3d04acf0aa95d50d6750bd4c11b888f98cc97cccfa27dcc52758570be52,a_verifier,,Un local commercial,2026-10-08,1,inconnue,,,,,,"preuve d'un bien libre; état et diagnostics compatibles avec une revente sans travaux; prix adjugé (la mise à prix ne le remplace pas); date limite et recevabilité de la surenchère; valeur prudente, frais d'acquisition, revente et portage documentés pour le seuil de 40 %",https://www.licitor.com/annonce/10/97/83/vente-aux-encheres/un-local-commercial/bois-colombes/hauts-de-seine/109783.html
400bf860e3e29d79713798dd60eda13407e55d99435d228b699a4f9fb966b77a,a_verifier,,Un local commercial,2026-10-08,1,inconnue,,,,,,"preuve d'un bien libre; état et diagnostics compatibles avec une revente sans travaux; prix adjugé (la mise à prix ne le remplace pas); date limite et recevabilité de la surenchère; valeur prudente, frais d'acquisition, revente et portage documentés pour le seuil de 40 %",https://www.licitor.com/annonce/10/98/09/vente-aux-encheres/un-local-commercial/veyrier-du-lac/haute-savoie/109809.html
8e9bac989c4cf1c02e4c281a73d08538bf821ea99d224e0d964bf7ef8bf06d4b,a_verifier,,Un local à usage de magasin,2026-10-08,1,inconnue,,,,,,"preuve d'un bien libre; état et diagnostics compatibles avec une revente sans travaux; prix adjugé (la mise à prix ne le remplace pas); date limite et recevabilité de la surenchère; valeur prudente, frais d'acquisition, revente et portage documentés pour le seuil de 40 %",https://www.licitor.com/annonce/10/98/77/vente-aux-encheres/un-local-a-usage-de-magasin/tende/alpes-maritimes/109877.html
e2ed1f8a9f4ef1e4968d5536119e479b051fc83cf41e0a15232010dfe2d022ca,a_verifier,,Un terrain,2026-10-08,1,inconnue,,,,,,"preuve d'un bien libre; état et diagnostics compatibles avec une revente sans travaux; prix adjugé (la mise à prix ne le remplace pas); date limite et recevabilité de la surenchère; valeur prudente, frais d'acquisition, revente et portage documentés pour le seuil de 40 %",https://www.licitor.com/annonce/10/99/71/vente-aux-encheres/un-terrain/entraigues-sur-la-sorgue/vaucluse/109971.html
1c7d2a61b834cd5c39f1597ca77ad1df6fd54b197efeabaeab985b0a3663ba90,a_verifier,,Une maison d'habitation,2026-10-08,1,inconnue,,,,,,"preuve d'un bien libre; état et diagnostics compatibles avec une revente sans travaux; prix adjugé (la mise à prix ne le remplace pas); date limite et recevabilité de la surenchère; valeur prudente, frais d'acquisition, revente et portage documentés pour le seuil de 40 %",https://www.licitor.com/annonce/10/98/31/vente-aux-encheres/une-maison-d-habitation/la-loupe/eure-et-loir/109831.html
10e8ebfc3b54d358f92ab09f330972eafffa98ba51e3e0f5cefc0b5500db27ed,a_verifier,,Une maison d'habitation,2026-10-08,1,inconnue,,,,,,"preuve d'un bien libre; état et diagnostics compatibles avec une revente sans travaux; prix adjugé (la mise à prix ne le remplace pas); date limite et recevabilité de la surenchère; valeur prudente, frais d'acquisition, revente et portage documentés pour le seuil de 40 %",https://www.licitor.com/annonce/11/00/10/vente-aux-encheres/une-maison-d-habitation/denonville/eure-et-loir/110010.html
feb2458e29eb0bdcb54465fffd325df552e92dbe57c73d818fe4ca3bdc8aa9b4,a_verifier,,Une maison d'habitation,2026-10-08,1,libre,,,,,,"état et diagnostics compatibles avec une revente sans travaux; prix adjugé (la mise à prix ne le remplace pas); date limite et recevabilité de la surenchère; valeur prudente, frais d'acquisition, revente et portage documentés pour le seuil de 40 %",https://www.licitor.com/annonce/10/97/16/vente-aux-encheres/une-maison-d-habitation/fonbeauzard/haute-garonne/109716.html
3184e9e3dd5bdc2d0d4ffb04f0dc4bb1efb027d3b02bedb91903c69f316f6c58,a_verifier,,Une maison d'habitation,2026-10-08,1,inconnue,,,,,,"preuve d'un bien libre; état et diagnostics compatibles avec une revente sans travaux; prix adjugé (la mise à prix ne le remplace pas); date limite et recevabilité de la surenchère; valeur prudente, frais d'acquisition, revente et portage documentés pour le seuil de 40 %",https://www.licitor.com/annonce/10/99/08/vente-aux-encheres/une-maison-d-habitation/fonbeauzard/haute-garonne/109908.html
e4cf0dad8c50d31bdac246b4001f42e87c872353b0a8bd76bc5be9f7bf4970a3,a_verifier,,Une maison d'habitation,2026-10-08,1,inconnue,,,,,,"preuve d'un bien libre; état et diagnostics compatibles avec une revente sans travaux; prix adjugé (la mise à prix ne le remplace pas); date limite et recevabilité de la surenchère; valeur prudente, frais d'acquisition, revente et portage documentés pour le seuil de 40 %",https://www.licitor.com/annonce/10/98/74/vente-aux-encheres/une-maison-d-habitation/la-colle-sur-loup/alpes-maritimes/109874.html
ba8366d280c6c6c49426c181547f0d56dcedd8df2ffca0d730e3cb32c5077a77,a_verifier,,Une maison d'habitation,2026-10-08,1,inconnue,,,,,,"preuve d'un bien libre; état et diagnostics compatibles avec une revente sans travaux; prix adjugé (la mise à prix ne le remplace pas); date limite et recevabilité de la surenchère; valeur prudente, frais d'acquisition, revente et portage documentés pour le seuil de 40 %",https://www.licitor.com/annonce/10/98/64/vente-aux-encheres/une-maison-d-habitation/sablet/vaucluse/109864.html
881795a42ddddff985ea403e594dd20fb430c5dfae68ca409aba91571c2a7ee9,a_verifier,,Une maison individuelle,2026-10-08,1,inconnue,,,,,,"preuve d'un bien libre; état et diagnostics compatibles avec une revente sans travaux; prix adjugé (la mise à prix ne le remplace pas); date limite et recevabilité de la surenchère; valeur prudente, frais d'acquisition, revente et portage documentés pour le seuil de 40 %",https://www.licitor.com/annonce/10/99/24/vente-aux-encheres/une-maison-individuelle/wittes/pas-de-calais/109924.html
5ceb974f0e53b604645dd85284b8127d6160f318a66867053b8bda29e60a5e7d,a_verifier,,Une maison à usage d'habitation,2026-10-08,1,inconnue,51000,,,,,"preuve d'un bien libre; état et diagnostics compatibles avec une revente sans travaux; date limite et recevabilité de la surenchère; valeur prudente, frais d'acquisition, revente et portage documentés pour le seuil de 40 %",https://www.licitor.com/annonce/10/98/48/vente-aux-encheres/une-maison-a-usage-d-habitation/conty/somme/109848.html
227ef9dbb585da288b0f896f906289f913fb187c9ee585d8661620b2651d0ab4,a_verifier,,Une maison à usage d'habitation,2026-10-08,1,inconnue,65000,,,,,"preuve d'un bien libre; état et diagnostics compatibles avec une revente sans travaux; date limite et recevabilité de la surenchère; valeur prudente, frais d'acquisition, revente et portage documentés pour le seuil de 40 %",https://www.licitor.com/annonce/10/98/49/vente-aux-encheres/une-maison-a-usage-d-habitation/candas/somme/109849.html
79a07db666bf311a3d82affdb074370e64a0619277476e8d5ec40ca8a36704fb,a_verifier,,Une maison à usage d'habitation,2026-10-08,1,inconnue,,,,,,"preuve d'un bien libre; état et diagnostics compatibles avec une revente sans travaux; prix adjugé (la mise à prix ne le remplace pas); date limite et recevabilité de la surenchère; valeur prudente, frais d'acquisition, revente et portage documentés pour le seuil de 40 %",https://www.licitor.com/annonce/10/98/21/vente-aux-encheres/une-maison-a-usage-d-habitation/meyzieu/rhone/109821.html
8ba61af0c764dff01ac5e4e27d50d5f98955c8d6661105b9a446d48eda2ad453,a_verifier,,Une maison à usage d'habitation,2026-10-08,1,inconnue,,,,,,"preuve d'un bien libre; état et diagnostics compatibles avec une revente sans travaux; prix adjugé (la mise à prix ne le remplace pas); date limite et recevabilité de la surenchère; valeur prudente, frais d'acquisition, revente et portage documentés pour le seuil de 40 %",https://www.licitor.com/annonce/10/98/07/vente-aux-encheres/une-maison-a-usage-d-habitation/arenthon/haute-savoie/109807.html
a49d1b879aa6bd9a6ba9b0fecdf74409ef0749446cf1a67b89967d9ee26de92b,rejete,"3 Rue Marie Curie, 11130 Sigean, France",UNE MAISON D’HABITATION AVEC TERRAIN ATTENANT à SIGEAN,2026-10-05,4,occupe,,2026-10-15,,,"occupation incompatible ou contradictoire; indice documentaire incompatible : occupation=occupe, p. 1 (ocr) — identité et actualité à contrôler","état et diagnostics compatibles avec une revente sans travaux; prix adjugé (la mise à prix ne le remplace pas); confirmation avocat du délai et de la recevabilité de la surenchère; valeur prudente, frais d'acquisition, revente et portage documentés pour le seuil de 40 %",https://avoventes.fr/enchere/une-maison-dhabitation-avec-terrain-attenant-a-sigean
74fa1cb1dcd84d74033803fe09456dc2211dad7b780534d64ac49f54da7a9803,rejete,"01340 Bresse Vallons, France",UNE MAISON D’HABITATION EN COURS DE CONSTRUCTION A BRESSE VALLONS,2026-10-06,3,inconnue,93000.00,2026-10-16,,,travaux nécessaires à la revente en l'état,"preuve d'un bien libre; confirmation avocat du délai et de la recevabilité de la surenchère; valeur prudente, frais d'acquisition, revente et portage documentés pour le seuil de 40 %",https://avoventes.fr/enchere/une-maison-dhabitation-en-cours-de-construction-a-bresse-vallons
eb18f9080f8e9fd6338da8c0e99ec14638d24a687ea794f13449e3d7db43bd1b,rejete,"1 Rue Missak Manouchian, 93110 Rosny-sous-Bois, France",APPARTEMENT + EMPLACEMENT DOUBLE POUR VEHICULES AUTOMOBILES à ROSNY-SOUS-BOIS,2026-10-06,3,occupe,,2026-10-16,,,"vente retirée, reportée ou non requise; occupation incompatible ou contradictoire","état et diagnostics compatibles avec une revente sans travaux; prix adjugé (la mise à prix ne le remplace pas); confirmation avocat du délai et de la recevabilité de la surenchère; valeur prudente, frais d'acquisition, revente et portage documentés pour le seuil de 40 %",https://avoventes.fr/enchere/appartement-emplacement-double-pour-vehicules-automobiles-a-rosny-sous-bois
c611b6c0535d41f61e3755662ec088e99db246911a8f2ccb82f49cb8a2a86825,rejete,"13 Rue des Hauts Champs, 51260 Esclavolles-Lurey, France",UN PAVILLON A ESCLAVOLLES-LUREY,2026-10-06,3,libre,,2026-10-16,,,travaux nécessaires à la revente en l'état,"prix adjugé (la mise à prix ne le remplace pas); confirmation avocat du délai et de la recevabilité de la surenchère; valeur prudente, frais d'acquisition, revente et portage documentés pour le seuil de 40 %",https://avoventes.fr/enchere/un-pavillon-a-esclavolles-lurey
f545d519f7b4e3ba97eaa28be9447cb552e621cadd12624cb5521979f2d216b5,rejete,"130 Rue de Genève, 01170 Gex, France",UN APPARTEMENT ET UNE CAVE A GEX,2026-10-06,3,loue,150000.00,2026-10-16,,,occupation incompatible ou contradictoire; travaux nécessaires à la revente en l'état,"confirmation avocat du délai et de la recevabilité de la surenchère; valeur prudente, frais d'acquisition, revente et portage documentés pour le seuil de 40 %",https://avoventes.fr/enchere/un-appartement-et-une-cave-a-gex-1
e0c8cc3de14113b7fe023ac4931cb78fc6b1c30b5a6a0027caa3ba11d10e9b14,rejete,"15 Quai Jean Jaurès, 38200 Vienne, France",UN APPARTEMENT À VIENNE,2026-10-06,3,loue,,2026-10-16,,,occupation incompatible ou contradictoire,"état et diagnostics compatibles avec une revente sans travaux; prix adjugé (la mise à prix ne le remplace pas); confirmation avocat du délai et de la recevabilité de la surenchère; valeur prudente, frais d'acquisition, revente et portage documentés pour le seuil de 40 %",https://avoventes.fr/enchere/un-appartement-a-vienne
d1f36b0622917f8064e427bab68b0cf92f9de9bcf6eb3db503170f44c2571700,rejete,"260 Av. Jean Jaurès, 95100 Argenteuil, France",Appartement et parking à ARGENTEUIL,2026-10-06,3,occupe,66000.00,2026-10-16,,,occupation incompatible ou contradictoire; travaux nécessaires à la revente en l'état,"confirmation avocat du délai et de la recevabilité de la surenchère; valeur prudente, frais d'acquisition, revente et portage documentés pour le seuil de 40 %",https://avoventes.fr/enchere/appartement-et-parking-a-argenteuil
62cc07378e92b0888b2124c275f643d6eeacfae9651917103205b59587e438c1,rejete,"La Pavaz, 01230 Argis, France",UNE MAISON D’HABITATION MITOYENNE AVEC TERRAIN A ARGIS,2026-10-06,3,libre,26000.00,2026-10-16,,,travaux nécessaires à la revente en l'état,"confirmation avocat du délai et de la recevabilité de la surenchère; valeur prudente, frais d'acquisition, revente et portage documentés pour le seuil de 40 %",https://avoventes.fr/enchere/une-maison-dhabitation-mitoyenne-avec-terrain-a-argis
0d6efb990eab7bc16abb795ab033d7527e4e8a2dfb7d31729bb9f86d359e4e50,rejete,,Un immeuble collectif,2026-10-06,3,loue,,,,,occupation incompatible ou contradictoire,"état et diagnostics compatibles avec une revente sans travaux; prix adjugé (la mise à prix ne le remplace pas); date limite et recevabilité de la surenchère; valeur prudente, frais d'acquisition, revente et portage documentés pour le seuil de 40 %",https://www.licitor.com/annonce/10/96/97/vente-aux-encheres/un-immeuble-collectif/saint-brieuc/cotes-d-armor/109697.html
d64b9cec470baa584ec2d0c09c70edf647a8d2953d3ff3feb41f9b084030ed59,rejete,,Un pavillon à usage d'habitation,2026-10-06,3,occupe,205000,,,,occupation incompatible ou contradictoire,"état et diagnostics compatibles avec une revente sans travaux; date limite et recevabilité de la surenchère; valeur prudente, frais d'acquisition, revente et portage documentés pour le seuil de 40 %",https://www.licitor.com/annonce/10/96/79/vente-aux-encheres/un-pavillon-a-usage-d-habitation/bondy/seine-saint-denis/109679.html
92ccf8c9fd3a21d294f424a99da7dd2cf05b5d1f49c62695eb1b779ea74fdd99,rejete,,Une maison mitoyenne à usage d'habitation,2026-10-06,3,occupe,,,,,occupation incompatible ou contradictoire,"état et diagnostics compatibles avec une revente sans travaux; prix adjugé (la mise à prix ne le remplace pas); date limite et recevabilité de la surenchère; valeur prudente, frais d'acquisition, revente et portage documentés pour le seuil de 40 %",https://www.licitor.com/annonce/10/96/62/vente-aux-encheres/une-maison-mitoyenne-a-usage-d-habitation/compiegne/oise/109662.html
251f5d5d24890dc378b2ff7c83eb7ad861ba827a1de1a1e8efa985d7781ac76f,rejete,,vente-166430-une-maison-a-usage-d-habitation-sezanne.html,2026-10-06,3,inconnue,,,,,"vente retirée, reportée ou non requise","preuve d'un bien libre; état et diagnostics compatibles avec une revente sans travaux; prix adjugé (la mise à prix ne le remplace pas); date limite et recevabilité de la surenchère; fiche détaillée non relue lors de ce passage; valeur prudente, frais d'acquisition, revente et portage documentés pour le seuil de 40 %",https://www.vench.fr/vente-166430-une-maison-a-usage-d-habitation-sezanne.html
19377204d79e2c7a8dad03c5a77af26469f38fe0b32569d12fb81093c5eedf5f,rejete,"102 Bd de la Blancarde, 13004 Marseille, France",UN IMMEUBLE A USAGE D’HABITATION composé D’UN GARAGE et LOCAL et D’UN APPARTEMENT à MARSEILLE,2026-10-07,2,inconnue,,2026-10-19,,,"vente retirée, reportée ou non requise","preuve d'un bien libre; état et diagnostics compatibles avec une revente sans travaux; prix adjugé (la mise à prix ne le remplace pas); confirmation avocat du délai et de la recevabilité de la surenchère; valeur prudente, frais d'acquisition, revente et portage documentés pour le seuil de 40 %",https://avoventes.fr/enchere/un-immeuble-a-usage-dhabitation-compose-dun-garage-et-local-et-dun-appartement-a-marseille
e583cb572da369a15c31ebd205801ae5f25df2248f6af57b505a2d28dfd59ddb,rejete,"13 Bd Canlong, 13009 Marseille, France",Une maison avec terrain à Marseille,2026-10-07,2,occupe,282000.00,2026-10-19,,,occupation incompatible ou contradictoire,"état et diagnostics compatibles avec une revente sans travaux; confirmation avocat du délai et de la recevabilité de la surenchère; valeur prudente, frais d'acquisition, revente et portage documentés pour le seuil de 40 %",https://avoventes.fr/enchere/une-maison-avec-terrain-a-marseille
1e773dc77d31740d1a5058784b907c1f00512b602380a0170eb701c7b436a18a,rejete,"22 Bd du Maréchal de Lattre de Tassigny, 21300 Chenôve, France",Appartement et cave à CHENOVE,2026-10-07,2,inconnue,,2026-10-19,,,"travaux nécessaires à la revente en l'état; indice documentaire incompatible : occupation=occupe, p. 6 (ocr) — identité et actualité à contrôler","preuve d'un bien libre; prix adjugé (la mise à prix ne le remplace pas); confirmation avocat du délai et de la recevabilité de la surenchère; valeur prudente, frais d'acquisition, revente et portage documentés pour le seuil de 40 %",https://avoventes.fr/enchere/appartement-et-cave-a-chenove
f630b1a0da8875b437511d6da8b5d6a2428049fb7ee6ee95027b67a823b604f4,rejete,"22 Rue Pouyer Quertier, 54190 Villerupt, France",Ensemble immobilier à VILLERUPT,2026-10-07,2,inconnue,51000.00,2026-10-19,,,travaux nécessaires à la revente en l'état,"preuve d'un bien libre; confirmation avocat du délai et de la recevabilité de la surenchère; valeur prudente, frais d'acquisition, revente et portage documentés pour le seuil de 40 %",https://avoventes.fr/enchere/ensemble-immobilier-a-villerupt
f3845db868be5c0de32c3d1f024e679c4c78cb8b8d93ba7b4fd28a628cbe52e3,rejete,"31 Rue Joliot Curie, 54490 Joudreville, France",MAISON A JOUDREVILLE,2026-10-07,2,inconnue,,2026-10-19,,,"indice documentaire incompatible : occupation=occupe, p. 4 (texte) — identité et actualité à contrôler","preuve d'un bien libre; état et diagnostics compatibles avec une revente sans travaux; prix adjugé (la mise à prix ne le remplace pas); confirmation avocat du délai et de la recevabilité de la surenchère; valeur prudente, frais d'acquisition, revente et portage documentés pour le seuil de 40 %",https://avoventes.fr/enchere/maison-a-joudreville
a37efca9b3ed3f086ac1799b476b63baf86aad7c9dc6128587ccdef6afa06274,rejete,"8 Rue Marius Petipa, 13009 Marseille, France",APPARTEMENT + jouissance d’un jardin à MARSEILLE,2026-10-07,2,occupe,261000.00,2026-10-19,,,occupation incompatible ou contradictoire,"état et diagnostics compatibles avec une revente sans travaux; confirmation avocat du délai et de la recevabilité de la surenchère; valeur prudente, frais d'acquisition, revente et portage documentés pour le seuil de 40 %",https://avoventes.fr/enchere/appartement-jouissance-dun-jardin-a-marseille
4e8b67a73f8af87a335ce08c8dd304776fc050627403ff9c02781bda4c6362a2,rejete,,Un appartement d'habitation,2026-10-07,2,occupe,,,,,occupation incompatible ou contradictoire,"état et diagnostics compatibles avec une revente sans travaux; prix adjugé (la mise à prix ne le remplace pas); date limite et recevabilité de la surenchère; valeur prudente, frais d'acquisition, revente et portage documentés pour le seuil de 40 %",https://www.licitor.com/annonce/10/95/89/vente-aux-encheres/un-appartement-d-habitation/beynes/yvelines/109589.html
494df84d6f5ea53ffa5479a7b4aff8ed42558d313231cdf644f2ca4e1fcc667a,rejete,,Une maison d'habitation,2026-10-07,2,occupe,470000,,,,occupation incompatible ou contradictoire,"état et diagnostics compatibles avec une revente sans travaux; date limite et recevabilité de la surenchère; valeur prudente, frais d'acquisition, revente et portage documentés pour le seuil de 40 %",https://www.licitor.com/annonce/10/94/34/vente-aux-encheres/une-maison-d-habitation/marcq/yvelines/109434.html
1fb647717f68e15127cb6a54f4bc02c0b9e3faee35d93261c8a7cf38552526d3,rejete,,Une maison d'habitation individuelle,2026-10-07,2,occupe,201000,,,,occupation incompatible ou contradictoire,"état et diagnostics compatibles avec une revente sans travaux; date limite et recevabilité de la surenchère; valeur prudente, frais d'acquisition, revente et portage documentés pour le seuil de 40 %",https://www.licitor.com/annonce/10/94/33/vente-aux-encheres/une-maison-d-habitation-individuelle/osmoy/yvelines/109433.html
a75857440908aa2a111ee77e95513bf74f1fa800e5c95104ce05e8dee5fb20ad,rejete,,-,2026-10-08,1,occupe,,,,,occupation incompatible ou contradictoire,"état et diagnostics compatibles avec une revente sans travaux; prix adjugé (la mise à prix ne le remplace pas); date limite et recevabilité de la surenchère; valeur prudente, frais d'acquisition, revente et portage documentés pour le seuil de 40 %",https://www.licitor.com/annonce/10/97/95/vente-aux-encheres/-/villeurbanne/rhone/109795.html
6fc427157485f11d0ba950d56ef89db2b0c7f2b3054559620770ea4c417b6423,rejete,"16 Rue de la Tournette, 74290 Veyrier-du-Lac, France",UN LOCAL COMMERCIAL SCINDE EN DEUX COMPRENANT UN SALON DE COIFFURE et UN PUB A VEYRIER DU LAC,2026-10-08,1,contradictoire,,2026-10-19,,,occupation incompatible ou contradictoire,"état et diagnostics compatibles avec une revente sans travaux; prix adjugé (la mise à prix ne le remplace pas); confirmation avocat du délai et de la recevabilité de la surenchère; valeur prudente, frais d'acquisition, revente et portage documentés pour le seuil de 40 %",https://avoventes.fr/enchere/un-local-commercial-scinde-en-deux-comprenant-un-salon-de-coiffure-et-un-pub-a-veyrier-du-lac
18d140f8ed7ce76bf201aa215025628c47244b2b87dc62fd50a50b4679c462a2,rejete,"1645 Av. Jules Grec, 06600 Antibes, France","UN APPARTEMENT, CAVE et EMPLACEMENT DE PARKING à ANTIBES",2026-10-08,1,occupe,,2026-10-19,,,"occupation incompatible ou contradictoire; indice documentaire incompatible : occupation=occupe, p. 1 (ocr) — identité et actualité à contrôler","état et diagnostics compatibles avec une revente sans travaux; prix adjugé (la mise à prix ne le remplace pas); confirmation avocat du délai et de la recevabilité de la surenchère; valeur prudente, frais d'acquisition, revente et portage documentés pour le seuil de 40 %",https://avoventes.fr/enchere/un-appartement-cave-et-emplacement-de-parking-a-antibes
cc232a812d2644812b513ab6a072d1d86c300f043ab9210d45f31bd8c77925cf,rejete,"2 Rue du Puits, 30190 Saint-Dézéry, France","Ensemble immobilier à usage d’habitation avec remise, cour et jardin avec puits",2026-10-08,1,inconnue,,2026-10-19,,,"vente retirée, reportée ou non requise","preuve d'un bien libre; état et diagnostics compatibles avec une revente sans travaux; prix adjugé (la mise à prix ne le remplace pas); confirmation avocat du délai et de la recevabilité de la surenchère; valeur prudente, frais d'acquisition, revente et portage documentés pour le seuil de 40 %",https://avoventes.fr/enchere/ensemble-immobilier-a-usage-dhabitation-avec-remise-cour-et-jardin-avec-puits-1
1868c303e407e318541bea2c75c40d243f0c6bb23c4112efefd38c1be09de6cf,rejete,"240 Chem. des Caillades, 06480 La Colle-sur-Loup, France",UNE PROPRIETE,2026-10-08,1,inconnue,460000.00,2026-10-19,,,"indice documentaire incompatible : occupation=loue, p. 1 (ocr) — identité et actualité à contrôler","preuve d'un bien libre; état et diagnostics compatibles avec une revente sans travaux; confirmation avocat du délai et de la recevabilité de la surenchère; valeur prudente, frais d'acquisition, revente et portage documentés pour le seuil de 40 %",https://avoventes.fr/enchere/une-propriete
f6bca6a2a9906ebfe7b5590966d52905bb9ddb7b72aef9e94279e07fbd007632,rejete,"25 Rue Chanzy, 80420 Flixecourt, France",UN IMMEUBLE D’HABITATION à FLIXECOURT,2026-10-08,1,occupe,,2026-10-19,,,occupation incompatible ou contradictoire,"état et diagnostics compatibles avec une revente sans travaux; prix adjugé (la mise à prix ne le remplace pas); confirmation avocat du délai et de la recevabilité de la surenchère; valeur prudente, frais d'acquisition, revente et portage documentés pour le seuil de 40 %",https://avoventes.fr/enchere/un-immeuble-dhabitation-a-flixecourt
ac357ac1c35886f6ffc8a13ec00fee8ecf5962b564bef4430e5eaaad0db8d6c0,rejete,"34 Av. de Paris, 94800 Villejuif, France",APPARTEMENT DE TYPE 1 dans une résidence de tourisme à VILLEJUIF (lot 158),2026-10-08,1,inconnue,33000.00,2026-10-19,,,"indice documentaire incompatible : occupation=loue, p. 4 (ocr) — identité et actualité à contrôler","preuve d'un bien libre; état et diagnostics compatibles avec une revente sans travaux; confirmation avocat du délai et de la recevabilité de la surenchère; valeur prudente, frais d'acquisition, revente et portage documentés pour le seuil de 40 %",https://avoventes.fr/enchere/appartement-de-type-1-dans-une-residence-de-tourisme-a-villejuif-lot-158
90112516c0813096919111bcde692cae1c15eabee4378f769db17b02068eff00,rejete,"34 Rue des Fougères, 40200 Sainte-Eulalie-en-Born, France",MAISON A SAINTE EULALIE EN BORN,2026-10-08,1,occupe,162000.00,2026-10-19,,,occupation incompatible ou contradictoire,"état et diagnostics compatibles avec une revente sans travaux; confirmation avocat du délai et de la recevabilité de la surenchère; valeur prudente, frais d'acquisition, revente et portage documentés pour le seuil de 40 %",https://avoventes.fr/enchere/maison-a-sainte-eulalie-en-born
af76c59ac2e9fe3bf3b08f4d8ab3cfb250817f975c960c79c1036be3eaa28cbb,rejete,"55 Chem. de Raudelauzette, 31140 Fonbeauzard, France",MAISON AVEC GARAGE ATTENANT à FONBEAUZARD,2026-10-08,1,libre,46000.00,2026-10-19,,,travaux nécessaires à la revente en l'état,"confirmation avocat du délai et de la recevabilité de la surenchère; valeur prudente, frais d'acquisition, revente et portage documentés pour le seuil de 40 %",https://avoventes.fr/enchere/maison-avec-garage-attenant-a-fonbeauzard
52e21b6e5aeacffdfcb004f2716c3808160336c6b49a6faee7b7c0975456e3ed,rejete,"80160 Oresmaux, France",UNE MAISON INDIVIDUELLE A USAGE D’HABITATION COMPRENANT UN LOCAL COMMERCIAL à ORESMAUX,2026-10-08,1,occupe,142000.00,2026-10-19,,,occupation incompatible ou contradictoire,"état et diagnostics compatibles avec une revente sans travaux; confirmation avocat du délai et de la recevabilité de la surenchère; valeur prudente, frais d'acquisition, revente et portage documentés pour le seuil de 40 %",https://avoventes.fr/enchere/une-maison-individuelle-a-usage-dhabitation-comprenant-un-local-commercial-a-oresmaux
4df4336c431fca049b6b8c1c820ac06f881b237ab5a75b71983f12865e5555d2,rejete,,FONBEAUZARD (31) Maison avec garage Vente le 08/10/2026 Mise à prix : 90.000€ SELARL DUPUY PEENE,2026-10-08,1,libre,,,,,"travaux nécessaires à la revente en l'état; indice documentaire incompatible : travaux=necessaires, p. 4 (texte) — identité et actualité à contrôler; indice documentaire incompatible : travaux=necessaires, p. 5 (texte) — identité et actualité à contrôler; indice documentaire incompatible : travaux=necessaires, p. 2 (texte) — identité et actualité à contrôler; indice documentaire incompatible : travaux=necessaires, p. 3 (texte) — identité et actualité à contrôler","prix adjugé (la mise à prix ne le remplace pas); date limite et recevabilité de la surenchère; valeur prudente, frais d'acquisition, revente et portage documentés pour le seuil de 40 %",https://www.info-encheres.com/108317-d-vente-encheres-immobilieres-maison-avec-garage-fonbeauzard-31-ref-6075.html
bd538220a1294f5b919f2d61277810b6d38572f4cde5883fa5c3ae718f5d3041,rejete,,"LYON (69) Immeuble comprenant 3 appartements, des locaux à usage de bureaux et 4 places de stationnement Vente le 08/10/2026 Mise à prix : 400.000€ SELARL ADK",2026-10-08,1,occupe,,,,,occupation incompatible ou contradictoire,"état et diagnostics compatibles avec une revente sans travaux; prix adjugé (la mise à prix ne le remplace pas); date limite et recevabilité de la surenchère; valeur prudente, frais d'acquisition, revente et portage documentés pour le seuil de 40 %",https://www.info-encheres.com/108321-d-vente-encheres-immobilieres-immeuble-comprenant-3-appartements-des-locaux-an-usage-de-bureaux-et-4-places-de-stationnement-lyon-69-ref-6079.html
21992200f6fdbc1d52bc8c655365cdcbfdd91d757458d548eeeee718e585e770,rejete,,MEYZIEU (69) Maison à usage d'habitation Vente le 08/10/2026 Mise à prix : 75.000€ SELAS IMPLID AVOCATS,2026-10-08,1,inconnue,,,,,"travaux nécessaires à la revente en l'état; indice documentaire incompatible : travaux=necessaires, p. 5 (texte) — identité et actualité à contrôler","preuve d'un bien libre; prix adjugé (la mise à prix ne le remplace pas); date limite et recevabilité de la surenchère; valeur prudente, frais d'acquisition, revente et portage documentés pour le seuil de 40 %",https://www.info-encheres.com/108293-d-vente-encheres-immobilieres-maison-an-usage-d-habitation-meyzieu-69-ref-6053.html
ba4e0b020ebaf4db3277d013a3a9a7bb1f09e3be0a94b0b594b3d14225acc36b,rejete,,Un immeuble en cours de construction,2026-10-08,1,inconnue,75000,,,,travaux nécessaires à la revente en l'état,"preuve d'un bien libre; date limite et recevabilité de la surenchère; valeur prudente, frais d'acquisition, revente et portage documentés pour le seuil de 40 %",https://www.licitor.com/annonce/10/98/47/vente-aux-encheres/un-immeuble-en-cours-de-construction/rainneville/somme/109847.html
c211568e768131ef205d9027293ec9a7cda1f318e9707a06ac22b4243d0866ae,rejete,,Un immeuble à usage d'habitation,2026-10-08,1,occupe,,,,,occupation incompatible ou contradictoire,"état et diagnostics compatibles avec une revente sans travaux; prix adjugé (la mise à prix ne le remplace pas); date limite et recevabilité de la surenchère; valeur prudente, frais d'acquisition, revente et portage documentés pour le seuil de 40 %",https://www.licitor.com/annonce/10/98/44/vente-aux-encheres/un-immeuble-a-usage-d-habitation/bethune/pas-de-calais/109844.html
c7d725b900eab7f9fc80e726b3adcb029621620f24997d093eb177c670929af0,rejete,,Un logement,2026-10-08,1,occupe,,,,,occupation incompatible ou contradictoire,"état et diagnostics compatibles avec une revente sans travaux; prix adjugé (la mise à prix ne le remplace pas); date limite et recevabilité de la surenchère; valeur prudente, frais d'acquisition, revente et portage documentés pour le seuil de 40 %",https://www.licitor.com/annonce/10/96/84/vente-aux-encheres/un-logement/levallois-perret/hauts-de-seine/109684.html
78e6bf64114b6d6ae7e988fba139ce2f965890360f59bd673c5d41f067434c13,rejete,,Une maison d'habitation,2026-10-08,1,occupe,,,,,occupation incompatible ou contradictoire,"état et diagnostics compatibles avec une revente sans travaux; prix adjugé (la mise à prix ne le remplace pas); date limite et recevabilité de la surenchère; valeur prudente, frais d'acquisition, revente et portage documentés pour le seuil de 40 %",https://www.licitor.com/annonce/10/95/48/vente-aux-encheres/une-maison-d-habitation/vaupillon/eure-et-loir/109548.html
b876a9ac8fba4782a3ef5e78abc7a78963bb5516ef84157ef116a28048c48a75,rejete,,VAULX EN VELIN (69) Appartement avec garage Vente le 08/10/2026 Mise à prix : 32.000€ SELAS IMPLID AVOCATS,2026-10-08,1,loue,,,,,"occupation incompatible ou contradictoire; indice documentaire incompatible : occupation=occupe, p. 8 (texte) — identité et actualité à contrôler","état et diagnostics compatibles avec une revente sans travaux; prix adjugé (la mise à prix ne le remplace pas); date limite et recevabilité de la surenchère; valeur prudente, frais d'acquisition, revente et portage documentés pour le seuil de 40 %",https://www.info-encheres.com/108294-d-vente-encheres-immobilieres-appartement-avec-garage-vaulx-en-velin-69-ref-6054.html
